title	description	url	publishedAt	keyword
[Removed]	[Removed]	https://removed.com	1970-01-01T00:00:00Z	['anatomy_of_a_fall', 'anatomy_of_a_fall', 'saltburn', 'saltburn', 'saltburn']
‘The Marvels’ Debuts Atop U.K., Ireland Box Office as ‘Tiger 3’ Roars	Disney’s “The Marvels” debuted atop the U.K. and Ireland box office with £3.4 million ($4.2 million), according to numbers released by Comscore. However, in keeping with its global bow, the opening was soft as the latest installment in the MCU scored just abo…	https://variety.com/2023/film/box-office/the-marvels-uk-ireland-box-office-tiger-3-1235790192/	2023-11-14T12:57:43Z	['anatomy_of_a_fall', 'hunger_games', 'saltburn', 'trolls']
November's most anticipated films: Napoleon invades, The Marvels takes flight, and more	Even though Hollywood strikes—one ongoing, one ended—have created turmoil on movie release calendars, November is still shaping up to be a strong month for films, We’ve got sequels, prequels, and awards hopefuls, meaning everyone should be cinematically satia…	https://www.avclub.com/november-2023-film-preview-napoleon-the-marvels-1850938508	2023-10-24T14:00:00Z	['the_marvels', 'trolls']
Napoleon: 6 Minutes of Ridley Scott’s Drama to Screen in IMAX This Weekend	Sony Pictures has announced that moviegoers will have the chance to watch a six-minute sneak peek of Ridley Scott’s highly-anticipated epic war drama Napoleon in IMAX at select Regal theaters this weekend. This comes ahead of its theatrical release on Novembe…	https://www.comingsoon.net/movies/news/1381204-napoleon-6-minutes-ridley-scott-drama-imax	2023-10-27T18:22:39Z	['saltburn', 'trolls']
Can ‘The Hunger Games’ Prequel Rule The November 2023 Box Office?	Sequels, original family fare, and award season darlings will vie for audience attention through the Thanksgiving holiday.	https://www.forbes.com/sites/markhughes/2023/11/09/can-the-hunger-games-prequel-rule-the-november-2023-box-office/	2023-11-09T17:01:41Z	['hunger_games', 'trolls']
‘Wonka’ Granted China Release On Same Day As ‘Migration’; Both Pics Rolling Out Early Overseas	Warner Bros/Heyday Films’ Wonka has been granted a December 8 release in China, a week ahead of the domestic start and as part of an early overseas rollout for the Timothée Chalamet-starrer. Wonka will be going the same day as Universal/Illumination’s Migrati…	https://deadline.com/2023/11/wonka-migration-china-release-date-upcoming-films-1235596578/	2023-11-09T10:16:00Z	['hunger_games', 'transformers']
'The Marvels' bombs with worst MCU opening yet	The age of superhero movies is over. 'The Marvels,' already perceived as the MCU's Hail Mary, failed to crack $48m on its opening weekend. With a $274.8m official budget (and much more spent on marketing), it is all but doomed to be the fall movie season's bi…	https://boingboing.net/2023/11/13/the-marvels-bombs-with-worst-mcu-opening-yet.html	2023-11-13T14:57:22Z	['hunger_games', 'the_marvels']
The Marvels just might be the MCU’s first huge box office disaster	With The Marvels, the MCU might experience its first major box office disaster.	https://www.digitaltrends.com/movies/the-marvels-mcu-first-box-office-bomb/	2023-11-06T15:30:05Z	['barbie_movie', 'the_marvels']
Deadline Launches Streaming Site For Sound & Screen: Film	The 2023 edition of Deadline’s live-music event Sound & Screen: Film hit the stage November 9 showcasing the songs and scores from 12 of the ramping-up awards season’s buzziest movies. Panelists and performances came from the likes of Diane Warren and Mark Ro…	https://deadline.com/2023/11/2023-sound-and-screen-streaming-site-1235601098/	2023-11-13T18:00:00Z	['barbie_movie', 'saltburn']
SAG-AFTRA Tells Striking Actors to Avoid Character Costumes for Halloween	"Image: Universal
Halloween is just over a week away, with parties for the annual holiday likely hitting next weekend. Normally, this year’s festivities would be like any other year: you dress up with your friends as your favorite characters and hang out or w…"	https://gizmodo.com/sag-aftra-strike-actors-halloween-costumes-1850947205	2023-10-21T14:30:00Z	['barbie_movie', 'oppenheimer']
What Your Halloween 2023 Outfit Says About You	What if we kissed dressed as Weird Barbie?	https://www.vice.com/en/article/k7zx7e/halloween-2023-outfits	2023-10-25T07:45:00Z	['barbie_movie', 'oppenheimer']
Can Paul Giamatti Finally Get Nominated for Best Actor?	Paul Giamatti’s reunion with director Alexander Payne on ‘The Holdovers’ offers the Academy the chance to make up for snubbing him in Best Actor for ‘Sideways’ in 2005.	http://www.vulture.com/2023/10/can-paul-giamatti-finally-get-nominated-for-best-actor.html	2023-10-27T21:06:55Z	['anatomy_of_a_fall', 'saltburn']
‘Five Nights at Freddy’s’ Beats Opening Weekend Ticket Sales for ‘Oppenheimer’ and ‘Taylor Swift: The Eras Tour’	"""The Holdovers"" and ""Priscilla"" both show initial promise in platform debuts, but with $78 million ""Freddy's"" is an ""Easy Rider"" moment for Gen Z."	https://www.indiewire.com/news/box-office/five-nights-at-freddys-box-office-history-with-78-million-1234921169/	2023-10-29T18:18:18Z	['anatomy_of_a_fall', 'oppenheimer']
2023 Gotham Awards Nominate ‘Passages,’ ‘Barbie,’ and More	The 33rd annual Gotham Awards will take place November 27 in New York City.	https://www.indiewire.com/awards/results/2023-gotham-award-nominees-1234919477/	2023-10-24T16:10:11Z	['anatomy_of_a_fall', 'barbie_movie']
Trolls Band Together Review: Slick But Soulless Production Still Appeals To Kids	Trolls Band Together shows clear signs of franchise fatigue, but a few new songs and vivid animation choices keep it afloat a little longer.	https://screenrant.com/trolls-band-together-review/	2023-11-14T15:00:22Z	['trolls']
“Hunger Games” Prequel Targets $50M Debut	Lionsgate’s upcoming prequel film “The Hunger Games: The Ballad of Songbirds and Snakes” has hit long-range tracking forecasts with the title targeting a $50 million domestic opening weekend. Marvel has opted to stick to its release plans for the title which …	https://www.darkhorizons.com/hunger-games-prequel-targets-50m-debut/	2023-10-26T23:28:31Z	['trolls']
Lance Bass Thinks We Should Leave Justin Alone	Lance Bass thinks everybody should “practice a little forgiveness” when it comes to his ‘N Sync bandmate Justin Timberlake. “Britney did, so let’s take a note from her.”	http://www.vulture.com/2023/10/lance-bass-forgive-justin-timberlake.html	2023-10-29T03:01:27Z	['trolls']
Nonprofit Social Media and Newsletter Ideas for November 2023	Welcome to our monthly post where I share writing ideas for newsletters, social media, blog posts, and more! These writing ideas for November come from our Monthly Nonprofit Writing Prompts email newsletter. Fill out the form below to get December’s prompts e…	https://www.nonprofitmarketingguide.com/nonprofit-social-media-and-newsletter-ideas-for-november/	2023-10-24T16:25:24Z	['trolls']
Universal Studios and Shake Shack Collide for 'Trolls Band Together' Drink	Universal Studios' animated Trolls franchise began in 2016, seeing miniature friends travel the world on unexpected missions. The third film, Trolls Band Together, is preparing to hit theatres with returning cast members Justin Timberlake and Anna Kendrick.Tr…	https://hypebeast.com/2023/10/shake-shack-universal-studios-uk-exclusive-trolls-drink-release-info	2023-10-17T10:26:03Z	['trolls']
‘Trolls Band Together’ Review: Justin Timberlake dominates toon sequel. Know about director, producer	After 'Trolls', and 'Trolls World Tour', DreamWorks has come out with the third installment-'Trolls Band Together'. The spotlight is on Justin Timberlake. Know in detail.	https://economictimes.indiatimes.com/news/international/us/trolls-band-together-review-justin-timberlake-dominates-toon-sequel-know-about-director-producer/articleshow/104655888.cms	2023-10-23T14:54:03Z	['trolls']
Justin Timberlake Movies & TV Shows List (2023): From Friends with Benefits to Bad Teacher	Justin Timberlake is most famous for his roles in blockbuster movies like Friends with Benefits, Bad Teacher, The Social Network, The Open Road, and more. He is also one of the best-selling music artists in the world with hit singles like SexyBack, Cry Me a R…	https://www.comingsoon.net/guides/news/1370965-justin-timberlake-movies-tv-shows-list-2023	2023-10-18T15:14:17Z	['trolls']
Various Artists – Trolls Band Together (Original Motion Picture Soundtrack) (2023)	Tracklist:01 - NSYNC - Better Place (From TROLLS Band Together)02 - Justin Timberlake - Perfect03 - Justin Timberlake - Let's Get Married04 - Andrew Rannells - Watch Me Work05 - Daveed Diggs - Vacay Island06 - Justin Timberlake - BroZone's Back07 - Troye Siva…	https://rlsbb.ru/various-artists-trolls-band-together-original-motion-picture-soundtrack-2023/	2023-10-22T18:55:18Z	['trolls']
‘Trolls Band Together’ Review: Justin Timberlake Takes the Spotlight in Boy Band-Themed Toon Sequel	When DreamWorks’ original “Trolls” movie was released, it wasn’t immediately apparent that the studio was launching a musical franchise. The rainbow-bright computer-animated feature boasted a sparkly soundtrack and the voice of Justin Timberlake as grumpy, gr…	https://variety.com/2023/film/reviews/trolls-band-together-review-justin-timberlake-nsync-1235764293/	2023-10-22T17:30:00Z	['trolls']
The Marvels could take flight with a $75M-$80M opening at the box office	"Marvel Studios' The Marvels is tracking toward a lackluster $75M-$80M opening weekend as strikes continue to affect film promotion.
The post The Marvels could take flight with a $75M-$80M opening at the box office appeared first on JoBlo."	https://www.joblo.com/the-marvels-early-box-office/	2023-10-19T17:31:57Z	['trolls']
How To Watch Trolls Band Together	The latest installment of the Trolls movies is set to release this year; here is everything you need to know about how to watch Trolls Band Together.	https://screenrant.com/how-to-watch-trolls-band-together/	2023-11-13T17:50:18Z	['trolls']
7 new children's movies to watch this holiday season	Entertain your kids — and yourself — with these family films coming through the end of 2023	https://theweek.com/culture-life/film/7-new-childrens-movies-to-watch-this-holiday-season	2023-11-01T09:00:13Z	['trolls']
The untold story of how the January 6 riots were planned on Facebook—and how the company missed it	"They described one another as grifters, prima donnas, and clowns. They lied, reflexively and clumsily, in pursuit of money and relevance. Through the power of social media, they would change the course of American political history.



In the aftermath of Jan…"	https://www.fastcompany.com/90980346/mark-zuckerberg-facebook-january-6-broken-code	2023-11-13T05:00:00Z	['trolls']
The Newsroom Season 2 Streaming: Watch & Stream Online via HBO Max	Want to know where to watch and stream The Newsroom Season 2 online? We got you covered. The second season of The Newsroom has 9 episodes that aired between July 14, 2013, and September 15, 2013, and continues the story of the news anchors, journalists, and n…	https://www.comingsoon.net/guides/news/1389765-the-newsroom-season-2-streaming-watch-stream-online-via-hbo-max	2023-11-04T05:20:04Z	['trolls']
Big Rusty – South Jersey’s Giant Troll	Big Rusty – A Giant Troll with a Taste for the Abandoned If you walk...	https://weirdnj.com/stories/abandoned/big-rusty-giant-troll/	2023-11-01T14:32:39Z	['trolls']
The Newsroom Season 1 Streaming: Watch & Stream Online via HBO Max	Wondering where to watch and stream The Newsroom Season 1 online? Then you have come to the right place. The first season, comprising 10 episodes, originally aired on HBO between June 24, 2012, and August 26, 2012. The plot follows Will McAvoy, the anchor and…	https://www.comingsoon.net/guides/news/1389763-the-newsroom-season-1-streaming-watch-stream-online-via-hbo-max	2023-11-04T05:17:39Z	['trolls']
Hollywood's animated film festival is back with Miyazaki, Aardman and more	The sixth annual Animation Is Film Festival will present Hayao Miyazaki in Imax, an Aardman animation workshop and an array of international and American releases.	https://www.latimes.com/entertainment-arts/movies/story/2023-10-18/animation-is-film-festival-2023-miyazaki-aardman	2023-10-18T20:07:32Z	['trolls']
My long, surprisingly quiet Taylor Swift: The Eras Tour experience	At 8:27 p.m., three minutes before my opening night screening of Taylor Swift: The Eras Tour was set to begin, a grand total of 11 other filmgoers (I counted) filled the seats of Theater 1 at the 34th Street Manhattan AMC. Yes, you read that right. The $100 m…	https://www.avclub.com/my-long-quiet-taylor-swift-the-eras-tour-experience-1850927346	2023-10-16T13:00:00Z	['trolls']
‘Five Nights At Freddy’s’ Tops $200M WW; ‘Godzilla Minus One’ Roars In Japan – International Box Office	Universal/Blumhouse’s Five Nights at Freddy’s was still plenty game this weekend, crossing $100M at the international box office and $200M worldwide. The sophomore frame overseas, where this is a pure theatrical play, dipped 54% to deliver $35.6M in 74 market…	https://deadline.com/2023/11/five-nights-at-freddys-killers-of-the-flower-moon-godzilla-minus-one-global-international-box-office-1235594101/	2023-11-06T08:35:23Z	['trolls']
Noah Simpson’s expounds at great length on his flavor of “techno-optimism”	"I’m a Noah fan and mostly agree with his overall take, but he has an unfortunate tendency to defer to Musk and Andreessen (mostly by muting criticisms).

Unlike Andreessen this is worth a read."	https://www.noahpinion.blog/p/thoughts-on-techno-optimism	2023-10-22T05:47:01Z	['trolls']
Married at First Sight Season 9 Streaming: Watch & Stream Online via Hulu	Married at First Sight Season 9 is the ninth installment in this reality series that draws inspiration from a Danish series titled Gift Ved Forste Blik. An exuberant social experiment, this season focuses on eight strangers who are matched with their signific…	https://www.comingsoon.net/guides/news/1389548-married-at-first-sight-season-9-streaming-watch-stream-online-via-hulu	2023-11-04T05:42:23Z	['trolls']
Vacaciones De Verano Streaming: Watch & Stream Online via Netflix	Wondering where to watch Vacaciones De Verano? You’ve come to the right place, for we have the streaming details. Vacaciones De Verano is a Spanish comedy-drama movie that revolves around the story of two single fathers, who become children’s entertainers at …	https://www.comingsoon.net/guides/news/1389497-vacaciones-de-verano-streaming-watch-stream-online-via-netflix	2023-11-04T01:46:58Z	['trolls']
FNaF movie: Halloween box office records broken by Fazbear gang	Critics weren't keen on the game adaptation, but fans helped the film rack up monster ticket sales.	https://www.bbc.co.uk/news/newsbeat-67261180	2023-10-31T10:51:33Z	['trolls']
JoBlo Rocks Out With Trolls at TrollFest: An Immersive Fan Event for Trolls Band Together	"JoBlo Rocks Out with Trolls at TrollFest: An Immersive Fan Event celebrating the release of Trolls Band Together
The post JoBlo Rocks Out With Trolls at TrollFest: An Immersive Fan Event for Trolls Band Together appeared first on JoBlo."	https://www.joblo.com/trollfest/	2023-11-03T17:37:50Z	['trolls']
2023 Holiday Movie Guide: Every New Christmas Movie on Netflix, Hallmark, and More	This year's holiday movie lineup includes new movies from Eddie Murphy, Melissa McCarthy, Lacey Chabert, and many, many more of your faves.	https://decider.com/2023/11/07/2023-holiday-christmas-movies-on-netflix-hallmark-disney-more/	2023-11-07T14:00:00Z	['trolls']
‘Now and Then’ and lost futures	"The Beatles' 'new' single is both a beautiful song and a depressingly modern affair, both smooth and placeless.
The post ‘Now and Then’ and lost futures appeared first on Crikey."	https://www.crikey.com.au/2023/11/03/now-and-then-the-beatles-new-music-review/	2023-11-03T01:07:46Z	['trolls']
VFX Supervisor and Academy Award Nominee Gary Brozenich Joins Framestore London	"From the release: Global visual effects studio Framestore, today announces the appointment of international production supervisor Gary Brozenich. [Watch]
The post VFX Supervisor and Academy Award Nominee Gary Brozenich Joins Framestore London appeared first o…"	https://www.stashmedia.tv/vfx-supervisor-and-academy-award-nominee-gary-brozenich-joins-framestore-london/	2023-10-21T18:48:40Z	['transformers']
Monarch: Legacy of Monsters BTS Look: Godzilla's Got Its Eye On You	"With today being ""Godzilla Day,"" what better time to release a new look at Apple TV+ & Legendary Television's Godzilla-starring live-action series Monarch: Legacy of Monsters – right? Apparently, the streaming service thought so because we're getting a look i…"	https://bleedingcool.com/tv/monarch-legacy-of-monsters-bts-look-godzillas-got-its-eye-on-you/	2023-11-03T16:37:08Z	['transformers']
How Greta Gerwig’s Billion Dollar ‘Barbie’ Could be First Box Office Champion Oscars Winner Since ‘The Lord of the Rings: Return of the King’	“Barbie” triumphed at the box office. Can it conquer the Oscars too? If history is any guide, it may have to settle for the adoration of audiences over the acclaim of awards voters. The Academy has nominated some recent commercial juggernauts for best picture…	https://variety.com/2023/film/awards/barbie-box-office-oscars-winner-lord-of-the-rings-1235786125/	2023-11-09T20:30:00Z	['transformers']
Apple TV+ to make epic CCXP debut with immersive fan experiences and events for Godzilla series ‘Monarch: Legacy of Monsters’	"Apple TV+ today unveiled plans to take the stage for the first time ever at the CCXP as it brings its new Godzilla series “Monarch: Legacy of…
The post Apple TV+ to make epic CCXP debut with immersive fan experiences and events for Godzilla series ‘Monarch: L…"	https://macdailynews.com/2023/11/08/apple-tv-to-make-epic-ccxp-debut-with-immersive-fan-experiences-and-events-for-godzilla-series-monarch-legacy-of-monsters/	2023-11-08T19:36:43Z	['transformers']
It’s a Fact: ‘American Fiction’ Has What It Takes to Win Best Picture	It’s not homework, it’s “American Fiction.” At first glance, writer-director Cord Jefferson’s satire about the exploitation of Black people in media might seem like another “message” movie offering difficult conversations around politics and race. Well, it is…	https://variety.com/2023/film/awards/american-fiction-win-best-picture-oscars-1235774913/	2023-11-02T15:20:00Z	['transformers']
10 Sci-Fi Franchises That Peaked With The Very First Movie	Numerous incredible science-fiction franchises have produced sequels that could not recapture the first movie’s brilliance and effectiveness.	https://screenrant.com/sci-fi-movie-franchises-peaked-first-film/	2023-11-14T00:00:19Z	['transformers']
Zach Elliot and Delta Airlines: Pete Davidson's SNL Skit Explained	Pete Davidson starred in a bizarre sketch about the Delta Airlines flight grounded by a sick passenger	https://www.newsweek.com/zach-elliot-delta-airlines-pete-davidson-snl-skit-explained-1835071	2023-10-16T17:53:26Z	['transformers']
Box Office: ‘The Marvels’ Misfires With $47 Million, Lowest MCU Opening Weekend of All Time	Disney’s Marvel Cinematic Universe is no longer a bulletproof box office franchise. That much is clear after “The Marvels” misfired with $47 million in its opening weekend to land the worst debut in MCU history. Initial tracking was closer to $75 million to $…	https://variety.com/2023/film/box-office/box-office-the-marvels-bombs-worst-marvel-cinematic-universe-opening-weekend-1235788513/	2023-11-12T16:00:19Z	['transformers']
Watch Beyoncé’s Trailer For The Renaissance Concert Film	Taylor Swift’s Eras Tour concert film opened in theaters about a month ago, and today, it’s earned about $231 million at the global box office. Right now, it’s the 12th-highest-grossing movie of the year — right above Transformers: Rise Of The Beasts and righ…	https://www.stereogum.com/2242111/watch-beyonces-trailer-for-the-renaissance-concert-film/news/	2023-11-09T14:58:12Z	['transformers']
Share of the Week: Marvel’s Spider-Man 2	Last week, we asked you to swing into Marvel’s Spider-Man 2 and share moments using #PSshare #PSBlog. Here are this week’s highlights: DiogOliveiraVP shares Miles and Peter swinging alongside a bridge in their standard Spidey suits. PKDrone shares Miles swing…	https://blog.playstation.com/2023/11/03/share-of-the-week-marvels-spider-man-2/	2023-11-03T16:00:04Z	['the_marvels']
The Marvels' Blazing Final Trailer Is Here	The first Marvels trailer dropped all the way back in April, giving us our first good glimpse of the movie’s superhero-switcheroo hijinks. Now, of course, we know a lot more about the Captain Marvel sequel—but of course Marvel can’t resist one last tease befo…	https://gizmodo.com/marvels-final-trailer-mcu-brie-larson-captain-marvel-1850995367	2023-11-07T02:54:00Z	['the_marvels']
Celebrating the holiday season with blockbuster games, new hardware products, and more PS5 console inventory than ever before	Next week marks the third year since PS5 launched and we wanted to take this opportunity to thank the more than 40 million players who’ve joined our global PS5 community. In these first three years, PlayStation Studios and third-party developers have introduc…	https://blog.playstation.com/2023/11/07/celebrating-the-holiday-season-with-blockbuster-games-new-hardware-products-and-more-ps5-console-inventory-than-ever-before/	2023-11-07T13:00:43Z	['the_marvels']
Spider-Man 2: The Origins of Every Unlockable Costume	Marvel's Spider-Man 2 features over 70 unlockable costumes for Peter Parker and Miles Morales. We're here to break them all down.	https://www.ign.com/articles/spider-man-2-the-origins-of-every-unlockable-costume	2023-10-21T14:00:00Z	['the_marvels']
Marvel’s Spider-Man 2 Soundtrack Listening Party streaming Nov 2	We’re still swinging, soaring, and flying high after the recent release of the critically acclaimed Marvel’s Spider-Man 2. To keep the celebration going, PlayStation Studios Music is joining forces with Marvel Games, Insomniac Games, and Disney Music Group to…	https://blog.playstation.com/2023/10/30/marvels-spider-man-2-soundtrack-listening-party-streaming-nov-2/	2023-10-30T17:00:27Z	['the_marvels']
The best Spider-Man gifts for fans	Spider-Man is one of Marvel’s most iconic superheroes. If you’re a fan, or know of one, check out our wide selection of gift ideas.	https://www.polygon.com/23841918/best-spider-man-gifts	2023-10-20T15:30:00Z	['the_marvels']
Will Dr. Doom replace Kang the Conqueror in Marvel's next phase?	"A new article in Variety magazine (link here) details the issues plaguing Marvel Studios. The most important seems to be the fact that several storylines, including the TV show ""Loki"" and the movie Ant-Man and the Wasp: Quantumania, have been leading up to th…"	https://boingboing.net/2023/11/02/will-dr-doom-replace-kang-the-conqueror-in-marvels-next-phase.html	2023-11-02T13:42:43Z	['the_marvels']
Bringing back the original Avengers won’t save the MCU	Marvel Studios is reportedly considering bringing back all of the original stars of The Avengers. However, that won't be enough to fix the MCU's many problems.	https://www.digitaltrends.com/movies/bringing-back-the-original-avengers-wont-save-the-mcu/	2023-11-02T18:30:18Z	['the_marvels']
The Marvels Executive Producer On Working With MCU Continuity And The Magnitude Of Space [Exclusive Interview]	/Film sat down with Mary Livanos, an executive producer of The Marvels, to talk about fitting the film into the MCU&amp;#39;s continuity, its cosmic setting, and more.	https://www.slashfilm.com/1441136/the-marvels-executive-producer-mary-livanos-exclusive-interview/	2023-11-09T13:00:00Z	['the_marvels']
'The Marvels' review: A chaotic cosmic headache	Marvel Studios' latest movie, The Marvels, exhibits all the symptoms of a rusty creative process. Despite some sparse bursts of charm, it lacks quality control.	https://www.space.com/the-marvels-review	2023-11-10T14:59:10Z	['the_marvels']
Lego’s three-foot-tall Avengers Tower comes packed with Marvel minifigs	Lego has just revealed its latest Marvel set: Avengers Tower. The set, which stands almost three feet tall once complete, costs $499.99 and comes with 31 mini figurines.	https://www.theverge.com/2023/11/8/23952172/lego-avengers-tower-minifigs-release-date-price	2023-11-08T16:57:33Z	['the_marvels']
General Instruments Video Game Chip Rides Again	Early video games like Pong were not computer-controlled. They used discrete logic to generate the TV signals. As you might expect, the market exploded when you could get all the logic on a chip. M…	https://hackaday.com/2023/11/13/general-instruments-video-game-chip-rides-again/	2023-11-13T09:00:33Z	['the_marvels']
Share of the Week: Marvel’s Spider-Man 2 – Peter Parker	Last week, we asked you to share pictures of Peter Parker himself swinging through Marvel’s Spider-Man 2 using #PSshare #PSBlog. Here are this week’s highlights: shimo_ps shares Peter moving through the sky using the Web Wings gunpla_works shares Peter perche…	https://blog.playstation.com/2023/11/10/share-of-the-week-marvels-spider-man-2-peter-parker/	2023-11-10T17:00:29Z	['the_marvels']
The Marvels' First Reactions Are Here, and All Over the Place	"Image: Marvel Studios
The first impressions for The Marvels have hit the internet, and while for some the Marvel Studios flick that soars by the might of its trio of heroes, for others that chemistry is brought down by some wider issuesNia DaCosta’s The Marv…"	https://gizmodo.com/the-marvels-critic-reactions-reviews-mcu-brie-larson-1850996175	2023-11-08T05:10:00Z	['the_marvels']
Ya conocemos todos los nominados de The Game Awards 2023 (y hay malas noticias para Bethesda y ‘Starfield’)	El 7 de diciembre se celebrará en Los Ángeles la décima edición de The Game Awards. Como cada año por estas fechas, la organización del evento ha anunciado los nominados. En la lista encontramos títulos como ‘Alan Wake 2’ y ‘Baldur's Gate 3’, que recibieron l…	https://www.xataka.com/videojuegos/conocemos-todos-nominados-the-game-awards-2023-hay-malas-noticias-para-bethesda-starfield	2023-11-13T20:10:16Z	['the_marvels']
Echo Will Begin Marvel's Spotlight Era	Just a few days ago, Marvel Studios revealed the first footage its upcoming series Echo. Previously meant for 2023 before getting knocked to 2024 in order to space things out, the Hawkeye spinoff sees Maya Lopez (Alaqua Cox) return home after having just viol…	https://gizmodo.com/echo-series-marvel-spotlight-tv-banner-1850993518	2023-11-05T18:50:00Z	['the_marvels']
The Marvels Ending Explained: Let The Sunshine In	The Marvels connects Captain Marvel to the series Ms. Marvel and WandaVision, but here&amp;#39;s a complete guide to everything you need to know about the ending.	https://www.slashfilm.com/1442358/the-marvels-ending-explained/	2023-11-09T22:00:00Z	['the_marvels']
The Marvels: what to watch before the new MCU movie	In Binge Club, our experts break down all the films and TV shows you need to brush up on ahead of The Marvels	https://www.avclub.com/the-marvels-what-to-watch-before-the-new-mcu-movie-1851000708	2023-11-07T22:09:04Z	['the_marvels']
Spider-Man 2 Devs On Friendship, Venom, And PS5 Performance	Marvel’s Spider-Man 2 released October 20 with fanfare worthy of the vibrant New York City where it’s set, becoming the fastest-selling PlayStation exclusive and igniting pertinent conversations about its protagonists’ asses. Below the surface, the direct seq…	https://kotaku.com/marvel-ps5-spiderman-2-game-interview-venom-patch-notes-1850967957	2023-10-27T19:30:00Z	['the_marvels']
The Marvels director Nia DeCosta addresses report about leaving post-production	Marvel may have a lot of issues to sort through right now, but none of them are Nia DeCosta’s fault. Concerns about how her film The Marvels will perform amid a reportedly confusing storyline and “lengthy” reshoots have plagued the film; further, Variety repo…	https://www.avclub.com/the-marvels-nia-decosta-addresses-mcu-chaos-report-1850995324	2023-11-06T17:30:12Z	['the_marvels']
Marvel’s Spider-Man 2 launch interview: Bryan Intihar on the game’s opening sequence, ASL, accessibility options, and more	It’s time to Web-Swing. With Marvel’s Spider-Man 2 out now worldwide, you may already have taken your first tour of Manhattan, Brooklyn, or Queens by web or Web Wings. Put Peter and Miles’s masked aerobatics to good use to quell crime and tackle new emerging …	https://blog.playstation.com/2023/10/20/marvels-spider-man-2-launch-interview-bryan-intihar-on-the-games-opening-sequence-asl-accessibility-options-and-more/	2023-10-20T14:00:46Z	['the_marvels']
11 Burning Questions We Have After The Marvels	"Image: Marvel Studios
The Marvels is here, and with it, a bunch of updates on just what is going on in the Marvel Cinematic Universe, from Earth, to space, and beyond. But while much of the team-up movie’s big beats are neatly wrapped up by its brisk end, th…"	https://gizmodo.com/the-marvels-burning-questions-spoilers-mcu-x-men-binary-1851018063	2023-11-13T20:22:33Z	['the_marvels']
Don't Feed The Trolls, And Don't Blame The Marvels Director Nia DaCosta For The Film's Box Office	Crappy people online are throwing The Marvels director Nia DaCosta under the bus for the film&amp;#39;s disappointing box office, but that&amp;#39;s objectively inaccurate.	https://www.slashfilm.com/1445413/dont-blame-the-marvels-director-nia-dacosta-for-box-office/	2023-11-13T20:00:26Z	['the_marvels']
The Marvels' cosmic connections: Who's the new villain and why does she hate Captain Marvel?	While Marvel Studios has been keeping plenty under wraps about the Captain Marvel sequel The Marvels, there are a few things we either know or can anticipate about the film. For instance, fans have already met the three heroes who are teaming up for this stor…	https://www.avclub.com/the-marvels-movie-dar-benn-villain-explained-1851005710	2023-11-09T14:00:00Z	['the_marvels']
Kamala Khan Is The Future Of The MCU – And The Young Avengers May Be Next	The Marvels mixes no bones about giving Kamala Khan a critical role in the future of the Marvel Cinematic Universe, and yes, it seems to include Young Avengers.	https://www.slashfilm.com/1441964/kamala-khan-future-mcu-young-avengers/	2023-11-10T12:00:36Z	['the_marvels']
The Marvels Is On Track For One Of The MCU's Lowest Box Office Openings	Bad news for The Marvels: the latest from the Marvel Cinematic Universe looks to be headed towards a less-than-great opening weekend at the box office.	https://www.slashfilm.com/1443945/the-marvels-box-office-opening-weekend/	2023-11-10T21:00:00Z	['the_marvels']
Movies to watch in November, from 'The Marvels' to 'The Hunger Games: The Ballad of Songbirds & Snakes'	From the big franchises to the critically-acclaimed Oscar hopefuls	https://theweek.com/culture-life/film/movies-to-watch-in-november-from-the-marvels-to-the-hunger-games-the-ballad-of-songbirds-and-snakes	2023-10-28T08:38:50Z	['saltburn']
"Saltburn: Early 2000s Setting Had The Effect Of ""Humanising Everyone"""	"No one think about the fact that we are approaching the point where a film taking place in the early 2000s could be considered a ""period piece,"" we're going to just breeze right by that and move on. Saltburn is a film that leans into its period and takes adva…"	https://bleedingcool.com/movies/saltburn-early-2000s-setting-had-the-effect-of-humanising-everyone/	2023-10-28T19:17:08Z	['saltburn']
Saltburn Clip: Barry Keoghan Saves Jacob Elordi From a Flat Tire	The first Saltburn clip from Emerald Fennell’s next directorial feature has been released, featuring Barry Keoghan and Jacob Elordi. The video provides a glimpse of the first meeting between their characters, Keoghan’s Oliver and Elordi’s Felix. It shows Oliv…	https://www.comingsoon.net/movies/trailers/1395334-saltburn-clip-barry-keoghan-jacob-elordi	2023-11-08T20:57:50Z	['saltburn']
Every Tom Ackerley-Produced Movie & TV Show Ranked	While Hollywood's biggest movies and shows are notable for their famous stars, producers like Tom Ackerley help bring the hits to the screen.	https://screenrant.com/every-tom-ackerley-produced-movie-tv-show-ranked/	2023-10-24T17:00:17Z	['saltburn']
Barry Keoghan in Emerald Fennell's Wild & Crazy 'Saltburn' Full Trailer	"""This place... you know, it's not for you."" MGM + Amazon Studios have revealed the main official trailer for Saltburn, the second film from Promising Young Woman director Emerald Fennell. This just premiered at the Telluride and London Film Festivals this fal…"	https://www.firstshowing.net/2023/barry-keoghan-in-emerald-fennells-wild-crazy-saltburn-full-trailer/	2023-10-19T15:37:29Z	['saltburn']
Saltburn trailer: Barry Keoghan infiltrates a world of sinful aristocrats in Emerald Fennell’s Gothic thriller	"Emerald Fennell's Saltburn trailer invites audiences into a sprawling manor filled with eccentric family members who feed on sin and secrets.
The post Saltburn trailer: Barry Keoghan infiltrates a world of sinful aristocrats in Emerald Fennell’s Gothic thrill…"	https://www.joblo.com/saltburn-trailer-emerald-fennell/	2023-10-19T15:49:59Z	['saltburn']
Barry Keoghan Is Invited Into A Nest Of Vipers In The New Saltburn Trailer	Saltburn is the new thriller from Promising Young Woman director Emerald Fennell that explores the privilege and darkness of the British ruling class.	https://www.slashfilm.com/1424996/saltburn-movie-trailer/	2023-10-19T16:31:43Z	['saltburn']
Saltburn Trailer Previews Emerald Fennell Movie Starring Barry Keoghan, Jacob Elordi	A new Saltburn trailer is out, previewing more of the upcoming film from Emerald Fennell starring Barry Keoghan and Jacob Elordi. The trailer details more of the relationship between Keoghan’s Oliver Quick and Elordi’s Felix Catton, as Quick travels with Catt…	https://www.comingsoon.net/movies/trailers/1371717-saltburn-trailer-previews-emerald-fennell-movie-starring-barry-keoghan-jacob-elordi	2023-10-19T15:02:27Z	['saltburn']
Barry Keoghan and Emerald Fennell at the SALTBURN Special Screening in New York	Saltburn director Emerald Fennell rang up star Barry Keoghan the second the strike ended and said “I don’t care if you don’t have anything to wear, you’re hitting the red carpet with me in New York on Thursday night, bitch.” We’re presuming.       That would …	https://tomandlorenzo.com/2023/11/barry-keoghan-and-emerald-fennell-at-the-saltburn-special-screening-in-new-york/	2023-11-10T19:50:06Z	['saltburn']
Saltburn | Official Trailer	Academy Award winning filmmaker Emerald Fennell (Promising Young Woman) brings us a beautifully wicked tale of privilege and desire. Struggling to find his place at Oxford University, student Oliver Quick (Barry Keoghan) finds himself drawn into the world of …	https://ohnotheydidnt.livejournal.com/127069872.html	2023-10-19T19:13:43Z	['saltburn']
Jacob Elordi Is the New King of Big Coat Season — See Photos	From vintage caps to Bottega bags, Jacob Elordi has fun with his menswear and his latest big coat look is perfect proof. See what the actor wore in NYC here.	https://www.teenvogue.com/story/jacob-elordi-new-king-of-big-coat-fall-2023	2023-10-26T13:03:49Z	['saltburn']
True-Life Serial Killer Thriller ‘He Went That Way’ Starring Jacob Elordi, Zachary Quinto & Patrick J. Adams Acquired By Vertical	EXCLUSIVE: Vertical has snapped up U.S. rights to He Went That Way, a true-life serial killer tale that stars Jacob Elordi (Saltburn), Zachary Quinto (Star Trek franchise), and Patrick J. Adams (Suits). Marking the first and final feature from Australian dire…	https://deadline.com/2023/10/he-went-that-way-jacob-elordi-zachary-quinto-vertical-release-1235574720/	2023-10-17T14:00:00Z	['saltburn']
‘Saltburn,’ ‘American Fiction’ Win 2023 SCAD Savannah Film Fest Audience Awards	Emerald Fennell’s Saltburn and Cord Jefferson’s American Fiction took home the top prizes in the inaugural Audience Awards at the 2023 SCAD Savannah Film Festival. The Savannah College of Art and Design (SCAD) announced Tuesday the audience winners, which wer…	https://biztoc.com/x/a6928a7d27b30804	2023-10-31T18:03:01Z	['saltburn']
Jacob Elordi explains bacon-fuelled preparation for role in Priscilla	Euphoria actor Jacob Elordi has revealed that he ate a “pound of bacon a day”, as well as starting a strict workout regime as part of his preparation for Priscilla.  Elordi, set to be seen as Elvis Presley in Sophia Coppola’s biopic that explores the relation…	https://www.thepinknews.com/2023/11/14/jacob-elordi-explains-bacon-fuelled-preparation-for-role-in-priscilla/	2023-11-14T11:57:13Z	['saltburn']
‘Priscilla’: Jacob Elordi & Cailee Spaeny Call Sofia Coppola The “G.O.A.T.” [Interview]	This strike-filled year has been tough for everyone, but in this chaos, some stars are starting to rise. Jacob Elordi had already made a name for himself on HBO‘s “Euphoria.” 2023 has brought critical acclaim for his performances in Emerald Fennell‘s “Saltbur…	https://theplaylist.net/priscilla-jacob-elordi-cailee-spaeny-call-sofia-coppola-the-g-o-a-t-interview-20231025/	2023-10-25T13:22:16Z	['saltburn']
How to Watch Priscilla Right Now	Sofia Coppola's biopic tells the love story of Elvis and Priscilla Presley from a new perspective.	https://www.menshealth.com/entertainment/a45790112/how-to-watch-priscilla-streaming/	2023-11-10T22:30:00Z	['saltburn']
Masters Of The Air Cast & Real Life Character Guide	Masters of the Air is the long-awaited WWII series from Steven Spielberg and Tom Hanks that has cast a staggering amount of notable actors.	https://screenrant.com/masters-of-the-air-show-cast-real-characters/	2023-11-09T15:30:20Z	['saltburn']
OMG, WATCH: The full trailer for SALTBURN with Jacob Elordi and Barry Keoghan is here	"This movie looks WILD! Cuties Jacob Elordi and Barry Keoghan star in the queer-y and luxurious SALTBURN by Academy Award winning filmmaker Emerald Fennell (Promising...
The post OMG, WATCH: The full trailer for SALTBURN with Jacob Elordi and Barry Keoghan is …"	https://omg.blog/omg-watch-the-full-trailer-for-saltburn-with-jacob-elordi-and-barry-keoghan-is-here/	2023-10-19T21:49:12Z	['saltburn']
The Real Housewives of Potomac Season 1 Streaming: Watch & Stream Online via Peacock	Wondering where to watch The Real Housewives of Potomac Season 1? You’ve come to the right place, as we have all the details for you. The Real Housewives of Potomac Season 1 is a reality TV show that charts the lives of glamorous women who have transcended ra…	https://www.comingsoon.net/guides/news/1395042-the-real-housewives-of-potomac-season-1-streaming-watch-stream-online-via-peacock	2023-11-08T20:42:09Z	['saltburn']
New and Noteworthy: November 2023	The time change comes at the beginning of every November and yet I still struggle with it every year. As soon as it gets dark at 5:00pm, I find it so hard to work and be productive since it feels like 8:00pm. I also have a trip to Paris coming up so there is …	https://www.habituallychic.luxury/2023/11/new-and-noteworthy-november-2023/	2023-11-14T02:35:06Z	['saltburn']
‘Saltburn’ Composer Anthony Willis On Emerald Fennell’s “Dirty Sense” And Templar Knights	It wasn’t a tough decision for Anthony Willis when Emerald Fennell asked him to compose Saltburn, the drama that stars Barry Keoghan as a young and nerdy Oxford university student who becomes obsessed with a popular and wealthy student (Jacob Elordi). Willis …	https://biztoc.com/x/e536af389451584a	2023-11-10T20:16:07Z	['saltburn']
PRISCILLA and SALTBURN Star Jacob Elordi at THE TODAY SHOW	Jacob Elordi has two red-hot movies coming out and we think he’s got his “curated casual” male movie star style down cold. And speaking of cold, it’s also time for some coat porn, wouldn’t you say?   We just gave Bad Bunny a huge pass for dressing a lot more …	https://tomandlorenzo.com/2023/10/priscilla-and-saltburn-star-jacob-elordi-at-the-today-show/	2023-10-25T16:45:11Z	['saltburn']
Saltburn Director Explains the Movie’s 2006 Timeline	Director Emerald Fennell shared why she chose a mid-2000s setting for her upcoming feature Saltburn, starring Jacob Elordi and Barry Keoghan. The director, who also helmed the 2020 drama thriller Promising Young Woman, has yet again explored a rather darker t…	https://www.comingsoon.net/movies/news/1379647-saltburn-director-explains-the-movies-2006-timeline	2023-10-26T18:05:30Z	['saltburn']
SAG-AFTRA & Studios “Closer & Closer” To A Deal; More Talks Set For Thursday	EXCLUSIVE: There’s real movement in talks between SAG-AFTRA and the studios for a new three-year contract, No deal yet, but a framework is in place for a potential agreement, we hear. Back in negotiations Wednesday on day 111 of the actors strike, the two sid…	https://deadline.com/2023/11/actors-strike-talks-deal-framework-in-place-1235589978/	2023-11-02T00:19:19Z	['saltburn']
Emerald Fennell on the ‘Saltburn’ Scene Everyone Will Be Talking About	Emerald Fennell drew inspiration for ‘Saltburn’ from her days at Oxford University. ‘I wanted to go not just for the education, but because it just felt magical.’ Emerald Fennell’s Saltburn is a gothic tale of privilege and obsession among classmates from Oxf…	https://biztoc.com/x/0fe7075a7cf6e19c	2023-11-04T14:02:07Z	['saltburn']
Paramount delays the next Mission: Impossible, which is no longer called Dead Reckoning: Part Two	The greed of the AMPTP studios and their refusal to make a deal with striking workers—specifically SAG-AFTRA members—has claimed another high-profile movie victim. Almost exactly two months after Warner Bros. Discovery decided to bump Dune: Part 2 into 2024, …	https://www.avclub.com/paramount-delays-mission-impossible-dead-reckoning-1850951986	2023-10-23T23:38:00Z	['oppenheimer']
Imax Sees Quarterly Revenue Surge 51% Led By ‘Oppenheimer’	Imax swung to a profit and saw revenue revenue surge in the Septembers quarter, buoyed by Oppenheimer and other content from Hollywood to local language films, concert films, docs and live events. The big screen exhibitor and tech company posted a net profit …	https://deadline.com/2023/10/imax-record-revenue-1235582685/	2023-10-25T12:04:47Z	['oppenheimer']
Goldman Sachs: New Macs position Apple well	"Apple won't report its latest financial results until Thursday evening, but investment firm Goldman Sachs offered investors a first take following the conclusion of the Scary Fast event.Apple's latest Mac announcements pleased investors""In our view, the annou…"	https://appleinsider.com/articles/23/10/31/goldman-sachs-new-macs-position-apple-well	2023-10-31T16:30:41Z	['oppenheimer']
If Anyone Can Get Gwyneth Paltrow Back Into Acting, It’s Robert Downey Jr.	"""You know, to some degree,"" Paltrow said."	https://www.indiewire.com/news/general-news/gwyneth-paltrow-robert-downey-jr-back-to-movies-1234923921/	2023-11-08T00:00:00Z	['oppenheimer']
Alden Ehrenreich on Making 'Oppenheimer,' Life After 'Solo,' and Returning to the Spotlight	While preparing to play a prequelized Han Solo in the biggest film of his life, Alden Ehrenreich came across an interview from the late ’70s with Harrison Ford, following the release of the original Star Wars. Ford was asked what it felt like to come off of s…	https://biztoc.com/x/9b743ae2f9a9568e	2023-11-14T14:04:36Z	['oppenheimer']
Christie's sells rare blue diamond for over $40m	"The 17.61 carat, pear-shaped ""Blue Royal"" diamond, set in a ring, fetched $43.8 million, reports said"	https://www.bbc.co.uk/news/world-europe-67346783	2023-11-07T22:31:04Z	['oppenheimer']
Christopher Nolan tried to warn us about oncoming Taylor Swift	Her impact in Hollywood has been Swift and merciless. Within weeks of announcing her concert documentary, Taylor Swift: The Eras Tour, would be getting an exclusive run in AMC Theatres, chaos reigned. Exorcists scuttled from release dates, friendship bracelet…	https://www.avclub.com/christopher-nolan-tried-to-warn-us-of-oncoming-taylor-s-1850943490	2023-10-19T22:44:00Z	['oppenheimer']
Oppenheimer Had A Little Help From The Creator Of Game Of Thrones And His Dragon Train	For a train scene in Oppenheimer, director Christopher Nolan hopped on board one of George R.R. Martin&amp;#39;s dragon trains at Sky Railway in New Mexico.	https://www.slashfilm.com/1427561/oppenheimer-train-scene-game-of-thrones-creator-george-rr-martin-dragon-cars/	2023-10-25T15:00:00Z	['oppenheimer']
Without ‘Dune: Part Two,’ the VFX Oscar Race Lacks Its Late-Season Juggernaut — What Next?	"The spotlight is now on other Oscar hopefuls vying for a nomination, including ""Wonka,"" ""Poor Things,"" and ""Rebel Moon."""	https://www.indiewire.com/awards/industry/dune-part-two-vfx-oscars-wonka-1234919247/	2023-10-25T14:30:00Z	['oppenheimer']
Christopher Nolan Says Warner Bros. Feud Is ‘Water Under the Bridge,’ Would ‘Absolutely’ Work with Studio Again	"The ""Oppenheimer"" director fell out with Warner Bros. over the studio's decision to premiere its 2021 film slate day-and-date on HBO Max."	https://www.indiewire.com/news/breaking-news/christopher-nolan-warner-bros-feud-water-under-the-bridge-1234924276/	2023-11-08T17:46:48Z	['oppenheimer']
Christopher Nolan’s ‘Oppenheimer’ Helps Lift Imax Quarterly Earnings	Christopher Nolan deserves a really nice fruit basket. The director’s latest blockbuster “Oppenheimer” was shot with Imax cameras, something that Nolan talked up during the film’s press tour. That advocacy contributed to $180 million in global ticket sales fo…	https://variety.com/2023/film/news/christopher-nolan-oppenheimer-imax-quarterly-earnings-results-1235767959/	2023-10-25T12:08:46Z	['oppenheimer']
How To Watch Christopher Nolan's Oppenheimer At Home	Oppenheimer, one of the best movies of the year, is headed to home media in November. Learn all about the digital and Blu-ray release right here.	https://www.slashfilm.com/1422495/watch-oppenheimer-at-home/	2023-10-17T13:51:53Z	['oppenheimer']
Josh Peck Very Well Could've Been Twilight's Edward Cullen	The original Twilight movie and its four sequels were known for many things, chief among them being catapulting the leading trio of Kristen Stewart, Robert Pattinson, and Taylor Lautner into super stardom that. Back during the late 2000s and 2010s, the three …	https://gizmodo.com/josh-peck-twilight-edward-cullen-casting-1850971010	2023-10-29T18:25:00Z	['oppenheimer']
one of the most inaccurate WW2 films ever	From biopics to fictional stories, many World War II movies have overlooked historical accuracy in favor of providing large-scale cinematic thrills #ww2 #movies #oppenheimer #tarentino #screenrant https://screenrant.com/inaccurate-world-war-2-movies/ Subscrib…	https://biztoc.com/x/803803efdbd62e83	2023-11-04T21:02:06Z	['oppenheimer']
Like the hit Netflix show All The Light We Cannot See? Then watch these 5 best WWII dramas	The new Netflix series All The Light We Cannot See is already a hit. If you like it, check out these World War II dramas that are similar in tone and execution.	https://www.digitaltrends.com/movies/best-historical-dramas-netflix-show-all-the-light-we-cannot-see/	2023-11-05T18:00:48Z	['oppenheimer']
Christopher Nolan Refused to Watch Martin Scorsese’s ‘The Aviator’ After His Howard Hughes Film Was Scrapped	"""It was very emotional to not get to make something I’d poured all that into,"" Nolan said of the shelved project that had Jim Carrey in talks to star."	https://www.indiewire.com/news/general-news/christopher-nolan-refused-watch-martin-scorsese-the-aviator-1234925462/	2023-11-11T14:00:00Z	['oppenheimer']
Fallout TV series gets early 2024 premiere date	"Amazon Prime's series adaptation of Bethesda's Fallout franchise now has a release date: April 12, 2024. The announcement was made via Prime Video's Twitter account in celebration of Fallout Day (the day the bombs fell in the original Fallout game).




https…"	https://www.destructoid.com/fallout-tv-series-gets-early-2024-premiere-date/	2023-10-23T17:49:33Z	['oppenheimer']
Sydney Sweeney And Glen Powell Fake A Romance In The Anyone But You Trailer	Sydney Sweeney and Glen Powell hope to light up the box office with some big screen passion and laughs in the rom-com Anyone But You. Watch the trailer here.	https://www.slashfilm.com/1420839/anyone-but-you-trailer-sydney-sweeney-glen-powell/	2023-10-19T13:07:00Z	['oppenheimer']
“Always My Intention”: Oppenheimer’s Most Divisive Decision Defended By Christopher Nolan	Director Christopher Nolan defends the decision to leave out the Hiroshima and Nagasaki bombings in his recent thrilling epic Oppenheimer.	https://screenrant.com/oppenheimer-christopher-nolan-not-showing-japan-why/	2023-11-09T17:18:52Z	['oppenheimer']
Deadpool 3 has some kind of Return Of The Jedi nod that will show fans the power of movies	Deadpool 3 director Shawn Levy seems more interested in talking about Star Wars than Ryan Reynolds’ gross melty-faced mutant mercenary these days, possibly because Lucasfilm is letting him make a Star Wars that matches the “taste” he brought to iconic entries…	https://www.avclub.com/deadpool-3-return-of-the-jedi-shawn-levy-1850992870	2023-11-04T20:12:00Z	['oppenheimer']
OPPENHEIMER Is Returning to IMAX Screens in 70mm	"Starting November 3, Oppenheimer will return to IMAX screens in its 70mm format. Christopher Nolan's movie will screen in six movie theaters.
The post OPPENHEIMER Is Returning to IMAX Screens in 70mm appeared first on Nerdist."	https://nerdist.com/article/christopher-nolan-oppenheimer-returning-to-imax-screens-in-70mm-for-limited-time/	2023-10-31T18:38:25Z	['oppenheimer']
Christopher Nolan Discusses Next Project and Working With Warner Bros. Again	"Christopher Nolan discusses his next project following 2023's Oppenheimer and addresses his relationship with Warner Bros. Pictures.
The post Christopher Nolan Discusses Next Project and Working With Warner Bros. Again appeared first on ComingSoon.net - Movie…"	https://www.comingsoon.net/movies/news/1395198-christopher-nolan-discusses-next-project-and-working-with-warner-bros-again	2023-11-08T17:50:45Z	['oppenheimer']
AMC Entertainment Shares Drop 10% on Plan to Sell New Stock	Shares of AMC Entertainment fell more than 10% Thursday after the theater chain operator filed plans to sell more $350 million in new stock. The stock was down $1.08, or 10.7%, to $9.01 in midday trading, after earlier trading as low as $8.02. Trading volume …	https://biztoc.com/x/ae93d0805b2258e5	2023-11-09T17:42:18Z	['oppenheimer']
Musical Tesla Coil Quatuor Performs the Main Theme from Oppenheimer [Video]	Watch as Franzoli Electronics’ tesla coil orchestra performs the main theme from Oppenheimer. The loud music actually comes from the sparks from the tesla coil. It’s literally playing the music due to the programmed phase, pulse width and trigger frequency! S…	https://www.geeksaresexy.net/2023/10/22/musical-tesla-coil-quatuor-performs-the-main-theme-from-oppenheimer-video/	2023-10-22T10:00:30Z	['oppenheimer']
Rachel Zegler, Tom Blyth, & More Stars Stun at 'The Hunger Games: The Ballad of Songbirds & Snakes' World Premiere	The Hunger Games: The Ballad of Songbirds and Snakes is having its world premiere! Stars hit the red carpet on Thursday (November 9) in London, England to celebrate the release of the film, which opens in theaters worldwide on November 17. Rachel Zegler, Tom …	https://www.justjared.com/2023/11/09/rachel-zegler-tom-blyth-more-stars-stun-at-the-hunger-games-the-ballad-of-songbirds-snakes-world-premiere/	2023-11-09T20:35:38Z	['hunger_games']
Rachel Zegler is Stretching Beyond Her Dior Roots	"With neutral results, but it's good to try.
The post Rachel Zegler is Stretching Beyond Her Dior Roots first appeared on Go Fug Yourself."	https://www.gofugyourself.com/rachel-zegler-is-stretching-beyond-her-dior-roots-11-2023	2023-11-07T19:11:16Z	['hunger_games']
New ‘Hunger Games’ Movie — with $100 Million Budget — Scores an Interim Agreement from SAG-AFTRA	"Lionsgate's ""The Ballad of Songbirds and Snakes,"" which opens Nov. 17, is easily the biggest movie to get the green light to promote amid the strike."	https://www.indiewire.com/news/breaking-news/new-hunger-games-movie-100-million-budget-interim-agreement-sag-aftra-1234921598/	2023-10-30T19:00:16Z	['hunger_games']
‘Ballad of Songbirds & Snakes’ Costume Designer Reveals Reference to Jennifer Lawrence in Rachel Zegler’s Wardrobe	Jennifer Lawrence became a household name starring as Katniss Everdeen in the Hunger Games film franchise, and now Rachel Zegler is set to propel herself to even greater heights by fronting the prequel movie The Ballad of Songbirds and Snakes. Like Katniss, R…	https://www.justjared.com/2023/10/27/ballad-of-songbirds-snakes-costume-designer-reveals-reference-to-jennifer-lawrence-in-rachel-zeglers-wardrobe/	2023-10-27T19:20:52Z	['hunger_games']
The Ballad Of Songbirds & Snakes: BTS Featurette Spotlights The Music	It seems pretty evident that in a movie titled The Hunger Games: The Ballad Of Songbirds & Snakes, music would play an essential part of the story, but it goes much deeper than that. For those of us unfamiliar with the source material, a new and pretty long b…	https://bleedingcool.com/movies/the-ballad-of-songbirds-snakes-bts-featurette-spotlights-the-music/	2023-10-28T20:47:09Z	['hunger_games']
The Hunger Games: The Ballad of Songbirds & Snakes Interview: Producer On Coriolanus Snow Lore	The Hunger Games: The Ballad of Songbirds &amp; Snakes producer Nina Jacobson discusses Coriolanus Snow, Hunger Games lore, and practical locations.	https://screenrant.com/the-hunger-games-ballad-songbirds-snakes-nina-jacobson-interview/	2023-11-13T20:15:18Z	['hunger_games']
The Ballad of Songbirds & Snakes Video Previews Snow & Lucy Gray Baird’s Doomed Romance	A brand new The Ballad of Songbirds & Snakes video for Lionsgate’s The Hunger Games prequel has been revealed, featuring some new action-packed scenes. It is scheduled to arrive in theaters on November 17. The video also provides behind-the-scenes footage hig…	https://www.comingsoon.net/movies/trailers/1372977-the-ballad-of-songbirds-snakes-video-snow-lucy-gray-baird	2023-10-19T19:39:20Z	['hunger_games']
Olivia Rodrigo – “Can’t Catch Me Now”	It’s only been two months since Olivia Rodrigo gave us GUTS, and she’s already back with more new music. The latest from the rock-minded pop star is “Can’t Catch Me Now,” a song from the Hunger Games prequel The Ballad Of Songbirds & Snakes.	https://www.stereogum.com/2241326/olivia-rodrigo-cant-catch-me-now/music/	2023-11-03T04:02:56Z	['hunger_games']
The Ballad Of Songbirds & Snakes: New Poster Has Been Released	The strike is over, which means promotional material for the next couple of movies set to be released this month is about to jump into overdrive. While The Hunger Games: The Ballad Of Songbirds & Snakes has that agreement, it also felt like they still weren't…	https://bleedingcool.com/movies/the-ballad-of-songbirds-snakes-new-poster-has-been-released/	2023-11-09T17:12:08Z	['hunger_games']
What Is A SAG-AFTRA Interim Agreement? How Does It Work?	'Hunger Games' prequel 'The Ballad of Songbirds and Snakes' has a SAG-AFTRA interim agreement, letting actors promote the film amid Hollywood actors strike. Here's why.	https://www.forbes.com/sites/tonifitzgerald/2023/11/01/what-is-a-sag-aftra-interim-agreement-how-does-it-work/	2023-11-01T13:35:26Z	['hunger_games']
The Ballad of Songbirds & Snakes Team on Lucy and Katniss Differences	Everyone familiar with The Hunger Games franchise has certainly come to love the role of Katniss, which additionally became a major launchpad for star Jennifer Lawrence. Now, the franchise is preparing to pass the torch to a new leading lady with, Lucy, who a…	https://bleedingcool.com/movies/the-ballad-of-songbirds-snakes-team-on-lucy-and-katniss-differences/	2023-11-13T19:47:07Z	['hunger_games']
"Rachel Zegler Performed Almost All Of Lucy Gray Baird's Songs Live For ""The Ballad Of Songbirds And Snakes"""	Despite being set in a dystopian world, The Ballad of Songbirds and Snakes is *much* more relevant than you might realize. The fall movie, which hits theaters November 17, follows a young Coriolanus Snow (Tom Blythe) 64 years before his first meeting with Kat…	https://www.brit.co/rachel-zegler-lucy-gray-baird/	2023-10-28T04:04:05Z	['hunger_games']
Olivia Rodrigo Unleashes Her Fury With New ‘Hunger Games’ Single ‘Can’t Catch Me Now’	Olivia Rodrigo released the new single 'Can't Catch Me Now' from 'Hunger Games' prequel 'The Ballad Of Songbirds & Snakes.'	https://www.rollingstone.com/music/music-news/olivia-rodrigo-hunger-games-song-cant-catch-me-now-1234869548/	2023-11-03T04:45:02Z	['hunger_games']
Ballad Of Songbirds And Snakes' Rachel Zegler always pictured herself starring in this movie	With the SAG-AFTRA strike finally over, actors can get back to work acting and doing promotional stuff to promote their acting. Hunger Games prequel The Ballad Of Songbirds And Snakes had gotten an interim agreement in October, so its stars could’ve promoted …	https://www.avclub.com/ballad-of-songbirds-and-snakes-rachel-zegler-star-1851015626	2023-11-12T20:50:00Z	['hunger_games']
Hunger Games' New Movie Has Already Dodged 1 Bullet That Would Have Killed The Prequel	Hunger Games director Francis Lawrence learned from his big Mockingjay mistake, and this has likely saved The Ballad of Songbirds and Snakes.	https://screenrant.com/hunger-games-ballad-songbird-snakes-two-parts-mistake-avoid/	2023-11-08T16:41:16Z	['hunger_games']
The Hunger Games: The Ballad Of Songbirds And Snakes Review - Series Best	I wasn't really worried about whether director Francis Lawrence, who shepherded three of the four previous Hunger Games movies, would deliver a very well made and watchable flick with The Hunger Games: A Ballad of Songbirds and Snakes. But I was worried that …	https://www.gamespot.com/reviews/the-hunger-games-the-ballad-of-songbirds-and-snakes-review-series-best/1900-6418155/	2023-11-09T19:00:00Z	['hunger_games']
Olivia Rodrigo - Can’t Catch Me Now (from The Hunger Games: The Ballad of S&S) (Official Video)	"Liv premiered the music for her new single (""Can't Catch Me Now"") to from The Hunger Games: The Ballad of Songbirds & Snakes . Olivia Rodrigo tells THR she was thrilled to write a song for TheHungerGames : The Ballad of Songbirds  Snakes and teases her upcomi…"	https://ohnotheydidnt.livejournal.com/127232396.html	2023-11-14T04:48:14Z	['hunger_games']
A Cathartic Watch	Entertainment musts from Elizabeth Bruenig	https://www.theatlantic.com/newsletters/archive/2023/11/manchester-by-the-sea-catharsis-cultlure-recs/675980/?utm_source=feed	2023-11-12T13:00:00Z	['hunger_games']
Updates From Godzilla: Minus One and More	Get another new look at Eli Roth’s Thanksgiving. Hear a song from the Bollywood take on Archie Comics. A new featurette goes behind the scenes on the Hunger Games prequel. Plus, more footage from Poor Things, and when to expect the return of Aqua Teen Hunger …	https://gizmodo.com/godzilla-minus-one-trailer-kaiju-us-release-date-1850941039	2023-10-20T14:00:00Z	['hunger_games']
Rachel Zegler Channels Katniss Everdeen's Fire Dress at 'The Hunger Games: The Ballad of Songbirds & Snakes' Premiere	Rachel Zegler dons a fiery dress at the premiere of her new movie The Hunger Games: The Ballad of Songbirds and Snakes held at Zoo Palast on Sunday (November 5) in Berlin, Germany. The 22-year-old star’s look appears to reference Katniss Everdeen’s fire dress…	https://www.justjared.com/2023/11/05/rachel-zegler-channels-katniss-everdeens-fire-dress-at-the-hunger-games-the-ballad-of-songbirds-snakes-premiere/	2023-11-05T22:52:11Z	['hunger_games']
The Ballad Of Songbirds & Snakes' Title Is A Hidden Katniss Reference - Hunger Games Theory Explained	&quot;Ballad of Songbirds and Snakes&quot; is assumed to reference Lucy Gray as the Songbird and Snow as a Snake, but the ballad is far bigger than two people.	https://screenrant.com/ballad-songbirds-snakes-katniss-reference-hunger-games-theory/	2023-11-05T22:20:21Z	['hunger_games']
10 'Hunger Games' Set Secrets Revealed, Including Jennifer Lawrence's Major Pay Raise & the Scene She Hated	The Hunger Games franchise is still generating headlines to this day with the impending release of prequel movie The Ballad of Songbirds and Snakes. However, we bet that even the most adoring fans don’t know all of the behind-the-scenes secrets from the origi…	https://www.justjared.com/2023/11/10/10-hunger-games-set-secrets-revealed-including-jennifer-lawrences-major-pay-raise-the-scene-she-hated/	2023-11-10T17:43:16Z	['hunger_games']
Lucy Gray Baird Explained: Hunger Games History, Relationships & Who Plays Her	Lucy Gray takes Katniss Everdeen's place in the  Hunger Games prequel, The Ballad of Songbirds and Snakes, but the characters differ in many ways.	https://screenrant.com/hunger-games-ballad-songbirds-snakes-lucy-gray-history-actress-explained/	2023-10-17T17:10:27Z	['hunger_games']
Olivia Rodrigo Seemingly Teases 'The Hunger Games: The Ballad of Songbirds & Snakes' Soundtrack Song	It looks like Olivia Rodrigo will be one of the artists on the soundtrack for the upcoming The Hunger Games: The Ballad of Songbirds and Snakes! The 20-year-old “vampire” singer’s official fan page tweeted out a telephone emoji, while another fan page tweeted…	https://www.justjared.com/2023/11/01/olivia-rodrigo-seemingly-teases-the-hunger-games-the-ballad-of-songbirds-snakes-soundtrack-song/	2023-11-01T19:44:59Z	['hunger_games']
Rachel Zegler paying homage to Katniss Everdeen at the ‘Hunger Games’ Berlin premiere	"Rachel Zegler referencing Katniss Everdeen’s flame dresses at the World Premiere of ‘THE HUNGER GAMES: THE BALLAD OF SONGBIRDS AND SNAKES’ pic.twitter.com/q2rzO9HerC
— Film Updates (@FilmUpdates) November 5, 2023 Rachel Zegler referencing Katniss Everdeen’s …"	https://ohnotheydidnt.livejournal.com/127173144.html	2023-11-05T19:11:47Z	['hunger_games']
The Director of Fair Play Breaks Down Those Sex Scenes and Talks Male Fragility	Chloe Domont discusses the movie's controversial sex scenes, male fragility, and how her personal relationships inspired the movie.	https://time.com/6324638/fair-play-sex-scenes-male-fragility/	2023-10-17T18:47:41Z	['barbie_movie']
Earnings Results: Consumers are cutting back on dental visits, and that’s hammering this stock	People are cutting back on dental and orthodontic visits, and that's weighing heavily on shares of Align Technology Inc. in Wednesday's extended session.	https://www.marketwatch.com/story/consumers-are-cutting-back-on-dental-visits-and-thats-hammering-this-stock-d1a538da	2023-10-25T21:28:00Z	['barbie_movie']
Troye Sivan And The Tyranny Of Taste	Troye Sivan has good taste. Let’s start at home: In 2021, the Australian singer showcased his modest yet extremely interior-designed Melbourne abode via a meticulous Architectural Digest spread and accompanying YouTube walkthrough that has tallied nearly 9 mi…	https://www.stereogum.com/2240434/troye-sivan-and-the-tyranny-of-taste/columns/chained-to-the-rhythm/	2023-10-27T15:06:07Z	['barbie_movie']
Ryan Gosling and Emily Blunt's action rom-com The Fall Guy looks like a total delight	If someone were to boil moviemaking down to a science and compile a list of all things that a good, crowd-pleasing film should have—action, romance, suspense, humor, Ryan Gosling—then the results of that mad Frankenstein experiment might look a lot like direc…	https://www.avclub.com/ryan-gosling-the-fall-guy-emily-blunt-trailer-1850986299	2023-11-02T17:33:00Z	['barbie_movie']
Dua Lipa returns with Houdini: Does she still have the magic?	The first song from the star's sought-after new album makes a few changes to her trademark pop sound.	https://www.bbc.co.uk/news/articles/c042gx45x2xo	2023-11-09T23:06:47Z	['barbie_movie']
Thank Barbie. Mattel Raises Guidance as Earnings Beat Forecasts	Mattel‘s third-quarter earnings barreled past expectations and management raised its profit forecast for the fiscal year. Barbie helped.	https://biztoc.com/x/7fce9eb12683135e	2023-10-25T20:46:20Z	['barbie_movie']
One Of Barbie's Key Players Thought The Movie Was A Terrible Idea	Barbie co-writer Noah Baumbach initially tried to back out of the film, fearing it would fail. It was one of Greta Gerwig&amp;#39;s ideas that eventually won him over.	https://www.slashfilm.com/1433808/barbie-writer-thought-movie-was-terrible-idea/	2023-11-05T20:00:54Z	['barbie_movie']
Barbie Paints The Grammys Pink	Music and artists associated with Greta Gerwig’s blockbuster film, which has grossed more than $1.44 billion at the worldwide box office, picked up seven nominations for the 2024 Grammys.	https://www.forbes.com/sites/cathyolson/2023/11/10/barbie-paints-the-grammys-pink/	2023-11-10T16:50:35Z	['barbie_movie']
Celebrity Couples In Crazy-Cool Costumes Guess Who!	"These Hollywood couples have unzipped their day-to-day attire only to dress up in their finest Halloween costumes. All gussied up ... they fully showed OUT, so you better show UP in this little game of ""Guess Who!"" Swipe through our gallery of the…"	https://www.tmz.com/2023/10/20/celebrity-couples-in-crazy-cool-costume-guess-who/	2023-10-20T07:30:13Z	['barbie_movie']
How To Watch the Barbie Movies in Order of Release	With the Barbie fever continuing ever since the live-action Margot Robbie film hit the theaters, fans have been looking into all previous animated Barbie movies as well. But if you’re wondering about their watch order, then here’s a list of all 43 Barbie movi…	https://www.comingsoon.net/guides/news/1379462-barbie-movies-in-order-release-how-to-watch	2023-10-27T11:46:33Z	['barbie_movie']
Lessons from Star Wars and Barbie about revolutions. “‘Barbie’ and ‘Andor’ are...	Lessons from Star Wars and Barbie about revolutions. “‘Barbie’ and ‘Andor’ are useful for those who	https://kottke.org/23/11/0043319-lessons-from-star-wars-an	2023-11-09T15:43:34Z	['barbie_movie']
Barbie movie reverses Mattel's toy sales slump	Toymaker Mattel reports a jump Barbie sales after the success of this summer's Barbie film.	https://www.bbc.co.uk/news/business-67223711	2023-10-25T21:39:44Z	['barbie_movie']
Movies Written By Greta Gerwig To Watch After ‘Barbie’	If you were a fan of Barbie in all its pink-hued splendor, chances are you like Greta Gewrig’s approach to storytelling. The actor/writer/director is known for her nuanced and introspective style that seamlessly balances emotional sensitivity with witty bante…	https://thoughtcatalog.com/josh-lezmi/2023/10/movies-written-by-greta-gerwig-to-watch-after-barbie/	2023-10-26T18:16:43Z	['barbie_movie']
Up First briefing: Deadly hospital blast rocks Gaza; House plans second speaker vote	"Biden has arrived in Israel, where he says he's ""outraged"" by a Gaza hospital explosion that killed hundreds. The House will meet today after Jim Jordan failed a speaker vote."	https://www.npr.org/2023/10/18/1206719345/up-first-briefing-deadly-hospital-blast-gaza-house-speaker-vote	2023-10-18T11:53:38Z	['barbie_movie']
Okay Grammys, That’s Enough Barbie	"Maybe Greta Gerwig's masterpiece didn't need four out of five nominations in just one category. 
Okay Grammys, That’s Enough Barbie
Liz Shannon Miller"	https://consequence.net/2023/11/barbie-grammys-best-songs/	2023-11-10T21:13:20Z	['barbie_movie']
Barbie Dreamhouse Challenge Season 1: Where to Watch & Stream Online	Many people are curious about where to watch and stream Barbie Dreamhouse Challenge Season 1 online. This television series will feature eight teams as they transform a home into a real-life Barbie Dreamhouse in California. The transformation must be inspired…	https://www.comingsoon.net/guides/news/1349066-barbie-dreamhouse-challenge-season-1-where-to-watch-stream-online	2023-11-07T04:39:40Z	['barbie_movie']
Owlkitty is Kenough – A Barbie Movie Parody [Video]	"A parody of the Barbie movie, starring the one and only OwlKitty. [Owlkitty]
Click This Link for the Full Post > Owlkitty is Kenough – A Barbie Movie Parody [Video]"	https://www.geeksaresexy.net/2023/10/31/owlkitty-is-kenough-a-barbie-movie-parody-video/	2023-10-31T12:37:44Z	['barbie_movie']
Greta Gerwig is obsessed with Love Is Blind	Stars: they’re just like us. Even Oscar-nominated directors get addicted to low-brow reality television shows, although Greta Gerwig may be consuming Love Is Blind slightly differently than the average viewer. In a new profile for Vanity Fair, the Barbie mast…	https://www.avclub.com/greta-gerwig-is-obsessed-with-love-is-blind-1851017004	2023-11-13T16:37:50Z	['barbie_movie']
Optimus Prime vs. My Little Pony: The Toy Hall of Fame Wants You To Vote On Its Next Inductee	Rainbow Dash is up against the Decepticons this year in a vicious battle for toy supremacy.	https://www.mentalfloss.com/posts/vote-newest-toy-hall-of-fame-inductee	2023-10-19T14:00:01Z	['barbie_movie']
Home Entertainment Guide: October 2023	On the latest new releases, including Barbie, Talk to Me, Insidious: The Red Door, and The Haunted Mansion.	https://www.rogerebert.com/streaming/home-entertainment-guide-october-2023	2023-10-30T21:08:00Z	['barbie_movie']
Best Day Ever! ‘Barbie’ Is Finally Available to Watch at Home	After its massive theatrical release over the summer, here's how to catch up on Greta Gerwig's blockbuster starring Margot Robbie and Ryan Gosling from your own dreamhouse	https://www.rollingstone.com/tv-movies/tv-movie-news/how-to-watch-barbie-online-stream-movie-1234822812/	2023-11-01T21:00:00Z	['barbie_movie']
Barbie Takes the Pitch in New TED LASSO Doll Collection	"Forget being a duck; be a doll. Ted Lasso, Rebecca, and Keeley reunite with Barbie's new collection of A.F.C. Richmond collectibles.
The post Barbie Takes the Pitch in New TED LASSO Doll Collection appeared first on Nerdist."	https://nerdist.com/article/barbie-new-ted-lasso-doll-collection-afc-richmond-collectibles-features-keeley-jones-ted-lasso-rebecca-welton-available-to-order/	2023-10-24T15:27:27Z	['barbie_movie']
Barbis! MIT students surprised the school’s president by placing a life-sized Barbie-themed...	Barbis! MIT students surprised the school’s president by placing a life-sized Barbie-themed TARDIS in her office. Barbis? Ba	https://kottke.org/23/10/0043307-barbis-mit-students-surpr	2023-10-25T18:37:27Z	['barbie_movie']
Midcentury modern designers playing around	Serious Play is terrific coffee table book full of exciting examples of the pioneers of midcentury design—Charles & Ray Eames, Alexander Girard, Paul Rand and more—at play, creating whimsical and witty designs. Many of the projects are for children, like chil…	https://boingboing.net/2023/11/02/midcentury-modern-designers-playing-around.html	2023-11-02T13:43:24Z	['barbie_movie']
25 Modern Christmas Classics You Can Stream Right Now	Christmas movies have been a tradition for decades, but the days when we had to watch George Bailey try to jump off of a bridge year after year are well past us. Holiday movies are an industry in and of themselves, with dozens, if not hundreds of new seasonal…	https://lifehacker.com/modern-christmas-classics-you-can-stream-right-now-1850996662	2023-11-08T15:30:00Z	['barbie_movie']
Watch: Hawaii's mysterious 'Barbie' pink pond	Visitors have been flocking to the Kealia Pond National Wildlife Refuge to see the spectacle.	https://www.bbc.co.uk/news/av/world-us-canada-67390345	2023-11-11T13:39:56Z	['barbie_movie']
Gotham Awards Announce 2023 Nominees	"Gotham Awards Nominations: Full List https://t.co/z8n1vg2epj
— Variety (@Variety) October 24, 2023The SAG-AFTRA strike remains ongoing, with negotiations picking up again today, but awards season marches on. The Gotham Awards used to only recognize films wit…"	https://ohnotheydidnt.livejournal.com/127096535.html	2023-10-24T17:57:07Z	['anatomy_of_a_fall']
A Salute to the Wheel (2009)	Always cited as the hallmark of man’s innovation, here is the real story behind the wheel – from its origins to its reinvention	https://www.smithsonianmag.com/science-nature/a-salute-to-the-wheel-31805121/	2023-10-24T16:01:08Z	['anatomy_of_a_fall']
We went to the New York Film Festival to preview the major fall movie season	NYFF 2023 amounted to a fall movie teaser for Hayao Miyazaki’s The Boy and the Heron, Hit Man, Zone of Interest, Prime Video’s Foe, and Michael Mann’s Ferrari.	https://www.polygon.com/23919708/hayao-miyazaki-boy-heron-ferrari-zone-interest-review-foe-beast-nyff-2023	2023-10-17T17:31:30Z	['anatomy_of_a_fall']
NY natural history museum changing how it looks after thousands of human remains in collection	There are stories in the human bones at the American Museum of Natural History. They tell of lives lived—some mere decades ago, others in past centuries—in cultures around the world.	https://phys.org/news/2023-10-ny-natural-history-museum-thousands.html	2023-10-26T08:32:43Z	['anatomy_of_a_fall']
Indies ‘The Persian Version’, ‘The Delinquents’ & Animated ‘The Canterville Ghost’ Based On Story By Oscar Wilde In Theaters – Specialty Preview	An Iranian American woman navigating culture clash, an Argentine bank heist and an animated ghost story voiced by Stephen Fry and Hugh Laurie debut this weekend with a handful of docs and some notable expansion, vying with Apple wide release Killers Of The Fl…	https://deadline.com/2023/10/indie-film-persian-version-delinquents-canterville-ghost-nyad-pigeon-tunnel-1235579236/	2023-10-20T21:09:32Z	['anatomy_of_a_fall']
‘Fallen Leaves’ & ‘The Zone Of Interest’ Top European Film Award Nominations In Main Categories	Finnish filmmaker Aki Kaurismäki’s Fallen Leaves and UK director Jonathan Glazer The Zone Of Interest lead the nominations in the main categories of the 36th European Film Awards which will take place in Berlin on December 9. The dramas are nominated in all f…	https://deadline.com/2023/11/fallen-leaves-the-zone-of-interest-top-european-film-award-nominations-1235594763/	2023-11-07T10:00:00Z	['anatomy_of_a_fall']
A Good Weekend for Miss Priss	Sofia Coppola’s ‘Priscilla’ makes history at the box office. Plus, leaderboard shakeups, a team name spotlight, and The Marvels on the horizon for the Movies Fantasy League.	http://www.vulture.com/2023/11/sofia-coppola-priscilla-movies-fantasy-league.html	2023-11-07T21:00:11Z	['anatomy_of_a_fall']
The Best Cycling Bib Tights of 2023	"As the seasons change, a quality pair of cycling bib tights can help you keep riding through the cooler months. Depending on where you live,…
The post The Best Cycling Bib Tights of 2023 appeared first on Bikerumor."	https://bikerumor.com/best-cycling-bib-tights/	2023-10-31T23:48:10Z	['anatomy_of_a_fall']
How That Steel-Band 50 Cent Cover Ended Up in ‘Anatomy of a Fall’	This year’s most confounding art-house mystery has the year’s most unlikely, inspired needle drop.	https://www.gq.com/story/how-that-steel-band-50-cent-cover-ended-up-in-anatomy-of-a-fall	2023-10-20T12:00:00Z	['anatomy_of_a_fall']
‘Anatomy of a Fall’ Refuses to Give Answers — and So Does Filmmaker Justine Triet	As the Palme d'Or winning-filmmaker Triet told IndieWire, the film is not about who did it, or why. It's about how we feel about the movie's complex heroine, played by the incomparable Sandra Hüller.	https://www.indiewire.com/features/interviews/anatomy-of-a-fall-justine-triet-interview-1234916318/	2023-10-16T13:30:00Z	['anatomy_of_a_fall']
Gotham Awards Nominations: ‘All Of Us Strangers’ Tops Movie List; Ryan Gosling Gets ‘Barbie’ Nom With Budget Caps Removed	All Of Us Strangers by Andrew Haigh led the Gotham Awards Nominations today, with some love for Celine Song’s Past Lives and a Best Performance nod to Ryan Gosling for Barbie after the indie-centric Awards removed a longstanding budget cap on eligibility, an …	https://deadline.com/2023/10/2023-gotham-awards-nominations-list-1235581456/	2023-10-24T16:29:55Z	['anatomy_of_a_fall']
Past Lives, All Of Us Strangers, and The Last Of Us score Gotham Awards nominations	The Gotham Awards announced its list of nominations for the 33rd annual ceremony on Tuesday, kicking off what is sure to be an interesting awards season. With the actors strike still in effect, some of the films intended to be released this year were shuffled…	https://www.avclub.com/gotham-award-nominations-2023-past-lives-last-of-us-1850953899	2023-10-24T16:27:55Z	['anatomy_of_a_fall']
The Best Skincare Routine, According To An Expert	These essential steps will help streamline your skincare routine.	https://www.forbes.com/sites/forbes-personal-shopper/2023/11/10/best-skincare-routine-according-to-a-dermatologist/	2023-11-10T18:58:08Z	['anatomy_of_a_fall']
Marvel Taught Us That Movies Need to Be Events, but the MCU No Longer Qualifies	"""The Marvels"" is a disaster while ""Priscilla"" and ""The Holdovers"" both stay strong. ""Dream Scenario"" and ""Tiger 3"" thrive in platform release."	https://www.indiewire.com/news/box-office/the-marvels-movies-need-to-be-events-mcu-no-longer-qualifies-1234925594/	2023-11-12T19:00:00Z	['anatomy_of_a_fall']
British Independent Film Awards: ‘Rye Lane,’ ‘Scrapper’ & ‘All Of Us Strangers’ Lead Nominations	Raine Allen-Miller’s debut feature Rye Lane leads this year’s British Independent Film Award nominations with 16 nods, including Best Director and Best British Independent Film.  Allen-Miller’s Peckham-set feature also has nominations for Best Screenplay and …	https://deadline.com/2023/11/british-independent-film-awards-rye-lane-scrapper-all-of-us-strangers-nominations-2023-1235590606/	2023-11-02T10:14:56Z	['anatomy_of_a_fall']
Anatomy of a Fall Streaming Release Date Rumors	The Anatomy of a Fall streaming release date is highly anticipated, and viewers are wondering when they can start streaming the movie online. Anatomy of a Fall is a French courtroom drama thriller that won the Palme d’Or and the Palm Dog Award at the 2023 Can…	https://www.comingsoon.net/guides/news/1380417-anatomy-of-a-fall-streaming-release-date-rumors	2023-10-27T10:31:43Z	['anatomy_of_a_fall']
‘Anatomy of a Fall’: a murder mystery that casts shadows of doubt	This year’s Cannes Palme d’Or winner examines the unknowability inside a marriage.	https://www.bostonglobe.com/2023/10/25/arts/anatomy-of-a-fall-french-murder-mystery-movie/	2023-10-25T18:31:35Z	['anatomy_of_a_fall']
‘Anatomy of a Fall’ complex, worthwhile mystery	One of the many things we learn about Sandra and Samuel is that they use real experiences and people they know as fodder for their fiction.	https://www.bostonherald.com/2023/10/26/anatomy-of-a-fall-complex-worthwhile-mystery/	2023-10-26T04:12:32Z	['anatomy_of_a_fall']
Neon Acquires North American Rights to Sean Baker’s Upcoming Film ‘Anora’	"It will be released theatrically in 2024
The post Neon Acquires North American Rights to Sean Baker’s Upcoming Film ‘Anora’ appeared first on TheWrap."	http://www.thewrap.com/neon-north-american-rights-sean-baker-anora/	2023-11-02T16:58:50Z	['anatomy_of_a_fall']
Sean Baker Pic ‘Anora’ Acquired By Neon For North America	Neon has acquired North American rights to the romantic dramedy Anora, the latest feature from award-winning indie filmmaker Sean Baker (The Florida Project). It will be released in theaters sometime next year. Mikey Madison, Mark Eydelshteyn, Yuriy Borisov, …	https://deadline.com/2023/11/anora-sean-baker-neon-1235591039/	2023-11-02T17:00:00Z	['anatomy_of_a_fall']
Anatomy of a Fall Review	Justine Triet's courtroom drama-thriller is an emotional rollercoaster dancing between reality and invention.	https://www.ign.com/articles/anatomy-of-a-fall-review	2023-10-16T22:07:17Z	['anatomy_of_a_fall']
We Don’t Know Anything	Justine Triet’s ‘Anatomy of a Fall’ won the Palme d’Or at Cannes and is proving to be a hit. It’s not hard to see why. The film taps into a particularly contemporary feeling that our perceptions of reality now take precedence over reality itself.	http://www.vulture.com/article/film-review-justine-triets-cannes-winner-anatomy-of-a-fall.html	2023-10-17T14:00:12Z	['anatomy_of_a_fall']
‘Anatomy of a Fall’: What Crime Movies Should Learn From the Year’s Best Film	"Neon
Our craven desire for crime stories is nothing new—even Taylor Swift cites Law and Order: Special Victims Unit as one of her favorite shows. There’s a lurid pleasure and curiosity to watching these ripped-from-the-headlines reenactments happen to other …"	https://www.thedailybeast.com/obsessed/what-crime-movies-should-learn-from-anatomy-of-a-fall	2023-10-24T08:44:45Z	['anatomy_of_a_fall']
Justine Triet on deciding — and hiding — the guilt in her film Anatomy of a Fall	French director Justine Triet speaks with CBC News about crafting her new courtroom drama, the Palme d'Or-winning Anatomy of a Fall.	https://www.cbc.ca/news/entertainment/justine-triet-anatomy-of-a-fall-interview-1.7000741	2023-10-19T08:00:00Z	['anatomy_of_a_fall']
12 Great TV Couples That Were Ruined By One Terrible Storyline	Some of the most romantic couples on television have been ruined by terrible storylines, stopping them from being enjoyable to audiences.	https://screenrant.com/best-tv-couples-ruined-bad-storyline-episode/	2023-10-20T18:50:15Z	['anatomy_of_a_fall']
